{"cameraMode":{"drawMode":0,"name":"Shaded","section":"Shading Mode"},"sceneLighting":false,"audioPlay":false,"sceneViewState":{"m_AlwaysRefresh":false,"showFog":true,"showSkybox":false,"showFlares":true,"showImageEffects":true,"showParticleSystems":true,"showVisualEffectGraphs":true,"m_FxEnabled":true},"in2DMode":false,"pivot":{"x":15.314109802246094,"y":1.4109598398208619,"z":13.615509033203125},"rotation":{"x":0.16510899364948274,"y":-0.019231989979743959,"z":0.0032149809412658216,"w":0.9860962629318237},"size":1.02936851978302,"orthographic":false}