{"cameraMode":{"drawMode":0,"name":"Shaded","section":"Shading Mode"},"sceneLighting":false,"audioPlay":false,"sceneViewState":{"m_AlwaysRefresh":false,"showFog":true,"showSkybox":false,"showFlares":true,"showImageEffects":true,"showParticleSystems":true,"showVisualEffectGraphs":true,"m_FxEnabled":true},"in2DMode":false,"pivot":{"x":6.28173303604126,"y":0.5670087337493897,"z":4.981125831604004},"rotation":{"x":0.051795125007629397,"y":0.05539773032069206,"z":-0.0028824391774833204,"w":0.997129499912262},"size":0.6470299363136292,"orthographic":false}