{"cameraMode":{"drawMode":0,"name":"Shaded","section":"Shading Mode"},"sceneLighting":false,"audioPlay":false,"sceneViewState":{"m_AlwaysRefresh":false,"showFog":true,"showSkybox":false,"showFlares":true,"showImageEffects":true,"showParticleSystems":true,"showVisualEffectGraphs":true,"m_FxEnabled":true},"in2DMode":false,"pivot":{"x":6.582126617431641,"y":0.49221450090408327,"z":4.409848213195801},"rotation":{"x":0.017982875928282739,"y":0.04198111966252327,"z":-0.0007546482374891639,"w":0.998975396156311},"size":0.680625319480896,"orthographic":false}