{"cameraMode":{"drawMode":0,"name":"Shaded","section":"Shading Mode"},"sceneLighting":true,"audioPlay":false,"sceneViewState":{"m_AlwaysRefresh":false,"showFog":true,"showSkybox":true,"showFlares":true,"showImageEffects":true,"showParticleSystems":true,"showVisualEffectGraphs":true,"m_FxEnabled":true},"in2DMode":false,"pivot":{"x":8.964903831481934,"y":2.2289557456970217,"z":16.39246368408203},"rotation":{"x":0.11848961561918259,"y":0.3466840982437134,"z":-0.04451049119234085,"w":0.9295477867126465},"size":1.5673729181289673,"orthographic":false}