{"cameraMode":{"drawMode":0,"name":"Shaded","section":"Shading Mode"},"sceneLighting":false,"audioPlay":false,"sceneViewState":{"m_AlwaysRefresh":false,"showFog":true,"showSkybox":false,"showFlares":true,"showImageEffects":true,"showParticleSystems":true,"showVisualEffectGraphs":true,"m_FxEnabled":true},"in2DMode":false,"pivot":{"x":3.8241310119628908,"y":0.5701889991760254,"z":0.7429844737052918},"rotation":{"x":0.08025529235601425,"y":0.12674124538898469,"z":-0.010291371494531632,"w":0.9886563420295715},"size":0.7141428589820862,"orthographic":false}