{"cameraMode":{"drawMode":0,"name":"Shaded","section":"Shading Mode"},"sceneLighting":false,"audioPlay":false,"sceneViewState":{"m_AlwaysRefresh":false,"showFog":true,"showSkybox":false,"showFlares":true,"showImageEffects":true,"showParticleSystems":true,"showVisualEffectGraphs":true,"m_FxEnabled":true},"in2DMode":false,"pivot":{"x":5.349679946899414,"y":-0.0042285919189453129,"z":19.69740104675293},"rotation":{"x":0.13264547288417817,"y":-0.726842999458313,"z":0.1464589685201645,"w":0.6578255891799927},"size":2.5068929195404054,"orthographic":false}